epoch,time,train/loss,metrics/accuracy_top1,metrics/accuracy_top5,val/loss,lr/pg0,lr/pg1,lr/pg2
1,18.1212,0.92127,0.97,1,0.1055,0.00031,0.00031,0.00031
2,26.0793,0.14449,0.964,1,0.11017,0.000625842,0.000625842,0.000625842
3,34.5488,0.17197,0.928,1,0.20911,0.00093746,0.00093746,0.00093746
4,45.3412,0.20622,0.884,0.998,0.35999,0.0009802,0.0009802,0.0009802
5,54.4017,0.2619,0.93,1,0.2688,0.0009736,0.0009736,0.0009736
6,65.092,0.20205,0.95,1,0.15894,0.000967,0.000967,0.000967
7,76.9777,0.16245,0.95,1,0.13812,0.0009604,0.0009604,0.0009604
8,84.8918,0.16486,0.956,1,0.11197,0.0009538,0.0009538,0.0009538
9,96.7545,0.13513,0.962,1,0.13464,0.0009472,0.0009472,0.0009472
10,106.865,0.14188,0.956,1,0.13809,0.0009406,0.0009406,0.0009406
11,117.506,0.15604,0.974,1,0.08014,0.000934,0.000934,0.000934
12,128.93,0.12955,0.954,1,0.13242,0.0009274,0.0009274,0.0009274
13,140.438,0.12899,0.974,1,0.07321,0.0009208,0.0009208,0.0009208
14,150.05,0.11242,0.978,1,0.07919,0.0009142,0.0009142,0.0009142
15,159.875,0.10301,0.958,1,0.14728,0.0009076,0.0009076,0.0009076
16,170.326,0.10304,0.976,1,0.09369,0.000901,0.000901,0.000901
17,176.247,0.10613,0.97,1,0.07123,0.0008944,0.0008944,0.0008944
18,185.411,0.08558,0.944,1,0.17688,0.0008878,0.0008878,0.0008878
19,193.679,0.08112,0.976,1,0.08484,0.0008812,0.0008812,0.0008812
20,200.945,0.12983,0.962,1,0.12808,0.0008746,0.0008746,0.0008746
21,208.041,0.12292,0.962,1,0.1731,0.000868,0.000868,0.000868
22,221.024,0.08487,0.974,1,0.07663,0.0008614,0.0008614,0.0008614
23,231.989,0.07624,0.974,1,0.09702,0.0008548,0.0008548,0.0008548
24,242.592,0.06407,0.98,1,0.06099,0.0008482,0.0008482,0.0008482
25,250.391,0.07443,0.97,1,0.09439,0.0008416,0.0008416,0.0008416
26,258.642,0.0865,0.986,1,0.05157,0.000835,0.000835,0.000835
27,268.589,0.07742,0.976,1,0.10367,0.0008284,0.0008284,0.0008284
28,278.338,0.06964,0.974,1,0.07599,0.0008218,0.0008218,0.0008218
29,285.838,0.05925,0.958,0.998,0.16864,0.0008152,0.0008152,0.0008152
30,295.318,0.06076,0.968,1,0.08453,0.0008086,0.0008086,0.0008086
31,307.004,0.07573,0.956,1,0.12195,0.000802,0.000802,0.000802
32,314.27,0.08056,0.966,1,0.11179,0.0007954,0.0007954,0.0007954
33,323.025,0.05356,0.984,1,0.05537,0.0007888,0.0007888,0.0007888
34,333.619,0.06014,0.98,1,0.06662,0.0007822,0.0007822,0.0007822
35,344.133,0.05084,0.978,1,0.07852,0.0007756,0.0007756,0.0007756
36,352.006,0.05767,0.982,1,0.07883,0.000769,0.000769,0.000769
37,363.983,0.04681,0.978,1,0.06445,0.0007624,0.0007624,0.0007624
38,373.97,0.05503,0.984,1,0.04543,0.0007558,0.0007558,0.0007558
39,384.128,0.0786,0.966,1,0.09747,0.0007492,0.0007492,0.0007492
40,392.177,0.07359,0.968,1,0.07921,0.0007426,0.0007426,0.0007426
41,401.871,0.04786,0.968,1,0.08524,0.000736,0.000736,0.000736
42,411.038,0.05711,0.96,1,0.11649,0.0007294,0.0007294,0.0007294
43,421.444,0.05712,0.98,1,0.07422,0.0007228,0.0007228,0.0007228
44,432.125,0.0574,0.986,1,0.06085,0.0007162,0.0007162,0.0007162
45,441.192,0.05506,0.976,1,0.0925,0.0007096,0.0007096,0.0007096
46,450.611,0.05658,0.976,1,0.08478,0.000703,0.000703,0.000703
47,458.474,0.0393,0.976,1,0.06555,0.0006964,0.0006964,0.0006964
48,468.77,0.04209,0.984,1,0.08197,0.0006898,0.0006898,0.0006898
49,478.94,0.06788,0.976,1,0.07726,0.0006832,0.0006832,0.0006832
50,485.364,0.04187,0.982,1,0.06664,0.0006766,0.0006766,0.0006766
51,494.52,0.03954,0.982,1,0.0661,0.00067,0.00067,0.00067
52,503.01,0.05205,0.97,1,0.11212,0.0006634,0.0006634,0.0006634
53,514.197,0.07148,0.982,1,0.05881,0.0006568,0.0006568,0.0006568
54,524.791,0.06073,0.968,1,0.08087,0.0006502,0.0006502,0.0006502
55,532.719,0.05947,0.986,1,0.05553,0.0006436,0.0006436,0.0006436
56,542.619,0.05987,0.984,1,0.05639,0.000637,0.000637,0.000637
57,550.654,0.03903,0.986,1,0.05895,0.0006304,0.0006304,0.0006304
58,561.211,0.05517,0.97,1,0.10284,0.0006238,0.0006238,0.0006238
59,570.599,0.04689,0.986,1,0.05186,0.0006172,0.0006172,0.0006172
60,579.923,0.04078,0.98,1,0.07141,0.0006106,0.0006106,0.0006106
61,589.12,0.04369,0.97,1,0.09671,0.000604,0.000604,0.000604
62,598.967,0.03751,0.982,1,0.05415,0.0005974,0.0005974,0.0005974
63,608.002,0.03998,0.984,1,0.06473,0.0005908,0.0005908,0.0005908
64,619.181,0.02769,0.988,1,0.05971,0.0005842,0.0005842,0.0005842
65,625.848,0.02928,0.992,1,0.04393,0.0005776,0.0005776,0.0005776
66,635.824,0.02236,0.984,1,0.06854,0.000571,0.000571,0.000571
67,645.871,0.02799,0.986,1,0.04636,0.0005644,0.0005644,0.0005644
68,651.773,0.02489,0.976,1,0.09767,0.0005578,0.0005578,0.0005578
69,659.392,0.02394,0.99,1,0.04021,0.0005512,0.0005512,0.0005512
70,668.385,0.02398,0.99,1,0.03566,0.0005446,0.0005446,0.0005446
71,679.751,0.02643,0.992,1,0.0246,0.000538,0.000538,0.000538
72,688.003,0.0384,0.982,1,0.06935,0.0005314,0.0005314,0.0005314
73,696.594,0.03142,0.992,1,0.03882,0.0005248,0.0005248,0.0005248
74,707.707,0.02478,0.99,1,0.0499,0.0005182,0.0005182,0.0005182
75,717.563,0.01783,0.992,1,0.03564,0.0005116,0.0005116,0.0005116
76,727.659,0.03662,0.99,1,0.04581,0.000505,0.000505,0.000505
77,736.277,0.04777,0.992,1,0.04286,0.0004984,0.0004984,0.0004984
78,746.081,0.03232,0.984,1,0.05347,0.0004918,0.0004918,0.0004918
79,754.404,0.03048,0.982,1,0.064,0.0004852,0.0004852,0.0004852
80,766.127,0.0301,0.988,1,0.04609,0.0004786,0.0004786,0.0004786
81,775.416,0.04227,0.982,1,0.07007,0.000472,0.000472,0.000472
82,784.162,0.03964,0.986,1,0.03558,0.0004654,0.0004654,0.0004654
83,792.17,0.02652,0.982,1,0.0399,0.0004588,0.0004588,0.0004588
84,803.256,0.02118,0.982,1,0.06487,0.0004522,0.0004522,0.0004522
85,811.997,0.01719,0.98,1,0.05798,0.0004456,0.0004456,0.0004456
86,821.099,0.01356,0.984,1,0.04197,0.000439,0.000439,0.000439
87,829.134,0.02263,0.988,1,0.04308,0.0004324,0.0004324,0.0004324
88,836.536,0.0302,0.984,1,0.07144,0.0004258,0.0004258,0.0004258
89,844.952,0.01772,0.986,1,0.04671,0.0004192,0.0004192,0.0004192
90,855.775,0.01683,0.988,1,0.03121,0.0004126,0.0004126,0.0004126
91,863.407,0.01708,0.984,1,0.03838,0.000406,0.000406,0.000406
92,874.995,0.02407,0.986,1,0.03835,0.0003994,0.0003994,0.0003994
93,881.952,0.03361,0.982,1,0.04755,0.0003928,0.0003928,0.0003928
94,893.975,0.02844,0.986,1,0.0412,0.0003862,0.0003862,0.0003862
95,902.101,0.02689,0.986,1,0.03871,0.0003796,0.0003796,0.0003796
96,909.942,0.02605,0.982,1,0.06961,0.000373,0.000373,0.000373
97,918.951,0.0188,0.99,1,0.06286,0.0003664,0.0003664,0.0003664
98,927.538,0.02498,0.984,1,0.04686,0.0003598,0.0003598,0.0003598
99,937.788,0.01361,0.984,1,0.07236,0.0003532,0.0003532,0.0003532
100,945.984,0.01711,0.984,1,0.06483,0.0003466,0.0003466,0.0003466
101,955.417,0.01482,0.988,1,0.05199,0.00034,0.00034,0.00034
102,965.074,0.01339,0.992,1,0.05133,0.0003334,0.0003334,0.0003334
103,974.794,0.01773,0.992,1,0.05907,0.0003268,0.0003268,0.0003268
104,982.57,0.01427,0.982,1,0.06801,0.0003202,0.0003202,0.0003202
105,991.837,0.01755,0.984,1,0.05386,0.0003136,0.0003136,0.0003136
106,1000.74,0.02468,0.99,1,0.03547,0.000307,0.000307,0.000307
107,1010.69,0.03172,0.99,1,0.03875,0.0003004,0.0003004,0.0003004
108,1020.45,0.01905,0.986,1,0.0506,0.0002938,0.0002938,0.0002938
109,1028.47,0.0182,0.988,1,0.0541,0.0002872,0.0002872,0.0002872
110,1039.6,0.01773,0.982,1,0.05852,0.0002806,0.0002806,0.0002806
111,1046.93,0.01581,0.984,1,0.05179,0.000274,0.000274,0.000274
112,1058.85,0.01638,0.988,1,0.04796,0.0002674,0.0002674,0.0002674
113,1068.76,0.01055,0.988,1,0.0466,0.0002608,0.0002608,0.0002608
114,1077.75,0.00896,0.988,1,0.04943,0.0002542,0.0002542,0.0002542
115,1086.77,0.01073,0.986,1,0.04686,0.0002476,0.0002476,0.0002476
116,1096.51,0.01013,0.994,1,0.03217,0.000241,0.000241,0.000241
117,1105.79,0.01507,0.992,1,0.03274,0.0002344,0.0002344,0.0002344
118,1114.8,0.01372,0.992,1,0.0409,0.0002278,0.0002278,0.0002278
119,1122.61,0.01184,0.988,1,0.04318,0.0002212,0.0002212,0.0002212
120,1134.11,0.02025,0.988,1,0.0587,0.0002146,0.0002146,0.0002146
121,1143.7,0.01493,0.988,1,0.05962,0.000208,0.000208,0.000208
122,1153.42,0.01765,0.99,1,0.05701,0.0002014,0.0002014,0.0002014
123,1161.91,0.00826,0.986,1,0.05344,0.0001948,0.0001948,0.0001948
124,1169.77,0.00734,0.988,1,0.04684,0.0001882,0.0001882,0.0001882
125,1181.38,0.01073,0.986,1,0.05892,0.0001816,0.0001816,0.0001816
126,1190.45,0.00919,0.98,1,0.07779,0.000175,0.000175,0.000175
127,1199.45,0.01286,0.984,1,0.05402,0.0001684,0.0001684,0.0001684
128,1208.28,0.01071,0.982,0.998,0.07782,0.0001618,0.0001618,0.0001618
129,1217.22,0.00704,0.982,0.998,0.08159,0.0001552,0.0001552,0.0001552
130,1226.15,0.01501,0.984,1,0.06848,0.0001486,0.0001486,0.0001486
131,1235.25,0.00809,0.986,0.998,0.06112,0.000142,0.000142,0.000142
132,1246.27,0.00579,0.99,0.998,0.05616,0.0001354,0.0001354,0.0001354
133,1256.86,0.00795,0.99,0.998,0.06697,0.0001288,0.0001288,0.0001288
134,1267.06,0.00987,0.988,0.998,0.06725,0.0001222,0.0001222,0.0001222
135,1275.8,0.00684,0.986,0.998,0.06709,0.0001156,0.0001156,0.0001156
136,1287.02,0.01079,0.986,0.998,0.06662,0.000109,0.000109,0.000109
137,1295.6,0.0107,0.984,1,0.07419,0.0001024,0.0001024,0.0001024
138,1303.37,0.00598,0.988,1,0.05116,9.58e-05,9.58e-05,9.58e-05
139,1313.52,0.0074,0.99,1,0.0459,8.92e-05,8.92e-05,8.92e-05
140,1322.06,0.00492,0.992,1,0.04688,8.26e-05,8.26e-05,8.26e-05
141,1339.31,0.00586,0.992,1,0.04827,7.6e-05,7.6e-05,7.6e-05
142,1349.68,0.01191,0.994,1,0.04479,6.94e-05,6.94e-05,6.94e-05
143,1359.58,0.00466,0.992,1,0.05183,6.28e-05,6.28e-05,6.28e-05
144,1373.4,0.00822,0.994,1,0.054,5.62e-05,5.62e-05,5.62e-05
145,1382.89,0.00957,0.992,1,0.05308,4.96e-05,4.96e-05,4.96e-05
146,1391.05,0.0056,0.99,1,0.0522,4.3e-05,4.3e-05,4.3e-05
147,1400.09,0.00894,0.988,1,0.05231,3.64e-05,3.64e-05,3.64e-05
148,1412.32,0.0114,0.99,1,0.05181,2.98e-05,2.98e-05,2.98e-05
149,1419.33,0.0098,0.99,1,0.05241,2.32e-05,2.32e-05,2.32e-05
150,1428.9,0.00531,0.988,1,0.05473,1.66e-05,1.66e-05,1.66e-05
